<?xml version="1.0" encoding="utf-8" standalone="no"?>
<GUI name="horseStableRentalIngameMenu">
    <GuiElement type="empty" profile="uiInGameMenuFrame">
        <GuiElement type="empty" profile="ingameMenuFrameHeaderPanel">
            <GuiElement type="text" profile="ingameMenuFrameHeaderText" text="$l10n_horseStableRental_header"/>
        </GuiElement>
        <GuiElement type="empty" profile="ingameMenuSettingsBox">
            <GuiElement type="bitmap" profile="horseStableRentalTableHeaderBox" id="tableHeaderBox">
                <GuiElement type="text" profile="horseStableRentalTableHeaderCell" position="0px 0px" text="$l10n_horseStableRental_stable_name"/>
                <GuiElement type="text" profile="horseStableRentalTableHeaderCell" position="250px 0px" text="$l10n_horseStableRental_food"/>
                <GuiElement type="text" profile="horseStableRentalTableHeaderCell" position="500px 0px" text="$l10n_horseStableRental_water"/>
                <GuiElement type="text" profile="horseStableRentalTableHeaderCell" position="750px 0px" text="$l10n_horseStableRental_straw"/>
                <GuiElement type="text" profile="horseStableRentalTableHeaderCell" position="1000px 0px" text="$l10n_horseStableRental_rentable"/>
                <GuiElement type="text" profile="horseStableRentalTableHeaderCell" position="1250px 0px" text="$l10n_horseStableRental_income"/>
            </GuiElement>
            <GuiElement type="smoothList" focusInit="onOpen" position="0px 0px" profile="horseStableRentalTableList" id="husbandriesList" onDoubleClick="onDoubleClick">
                <GuiElement type="listItem" profile="horseStableRentalTableListItem" id="husbandriesListItem">
                    <GuiElement name="husbandryName" profile="horseStableRentalTableRowCell" position="0px 0px" type="text" text="HorseHusbandry"/>
                    <GuiElement name="foodAmount" profile="horseStableRentalTableRowCell" position="250px 0px" type="text" text="0%"/>
                    <GuiElement name="waterAmount" profile="horseStableRentalTableRowCell" position="500px 0px" type="text" text="0%"/>
                    <GuiElement name="strawAmount" profile="horseStableRentalTableRowCell" position="750px 0px" type="text" text="0%"/>
                    <GuiElement name="state" profile="horseStableRentalTableRowCell" type="text" position="1000px 0px" text="On" />
                    <GuiElement name="income" profile="horseStableRentalTableRowCell" type="text" position="1250px 0px" text="0€" />
                </GuiElement>
            </GuiElement>
            <GuiElement type="threePartBitmap" profile="verticalListSliderRightDocked" size="12px 693px" position="120px -63px" >
                <GuiElement type="slider" profile="verticalListSliderBar" size="6px 685px" dataElementId="husbandriesList" handleFocus="false" focusInit="onOpen" />
            </GuiElement>
        </GuiElement>
    </GuiElement>
</GUI>